supplier_name,contact_person,email,phone,address
Supplier 001 Co.,Person 001,person001@supplier001.example.com,+1-555-0001,"101 Test St, City001, State001, 10001"
Supplier 002 Co.,Person 002,person002@supplier002.example.com,+1-555-0002,"102 Test St, City002, State002, 10002"
Supplier 003 Co.,Person 003,person003@supplier003.example.com,+1-555-0003,"103 Test St, City003, State003, 10003"
Supplier 004 Co.,Person 004,person004@supplier004.example.com,+1-555-0004,"104 Test St, City004, State004, 10004"
Supplier 005 Co.,Person 005,person005@supplier005.example.com,+1-555-0005,"105 Test St, City005, State005, 10005"
Supplier 006 Co.,Person 006,person006@supplier006.example.com,+1-555-0006,"106 Test St, City006, State006, 10006"
Supplier 007 Co.,Person 007,person007@supplier007.example.com,+1-555-0007,"107 Test St, City007, State007, 10007"
Supplier 008 Co.,Person 008,person008@supplier008.example.com,+1-555-0008,"108 Test St, City008, State008, 10008"
Supplier 009 Co.,Person 009,person009@supplier009.example.com,+1-555-0009,"109 Test St, City009, State009, 10009"
Supplier 010 Co.,Person 010,person010@supplier010.example.com,+1-555-0010,"110 Test St, City010, State010, 10010"
Supplier 011 Co.,Person 011,person011@supplier011.example.com,+1-555-0011,"111 Test St, City011, State011, 10011"
Supplier 012 Co.,Person 012,person012@supplier012.example.com,+1-555-0012,"112 Test St, City012, State012, 10012"
Supplier 013 Co.,Person 013,person013@supplier013.example.com,+1-555-0013,"113 Test St, City013, State013, 10013"
Supplier 014 Co.,Person 014,person014@supplier014.example.com,+1-555-0014,"114 Test St, City014, State014, 10014"
Supplier 015 Co.,Person 015,person015@supplier015.example.com,+1-555-0015,"115 Test St, City015, State015, 10015"
Supplier 016 Co.,Person 016,person016@supplier016.example.com,+1-555-0016,"116 Test St, City016, State016, 10016"
Supplier 017 Co.,Person 017,person017@supplier017.example.com,+1-555-0017,"117 Test St, City017, State017, 10017"
Supplier 018 Co.,Person 018,person018@supplier018.example.com,+1-555-0018,"118 Test St, City018, State018, 10018"
Supplier 019 Co.,Person 019,person019@supplier019.example.com,+1-555-0019,"119 Test St, City019, State019, 10019"
Supplier 020 Co.,Person 020,person020@supplier020.example.com,+1-555-0020,"120 Test St, City020, State020, 10020"
Supplier 021 Co.,Person 021,person021@supplier021.example.com,+1-555-0021,"121 Test St, City021, State021, 10021"
Supplier 022 Co.,Person 022,person022@supplier022.example.com,+1-555-0022,"122 Test St, City022, State022, 10022"
Supplier 023 Co.,Person 023,person023@supplier023.example.com,+1-555-0023,"123 Test St, City023, State023, 10023"
Supplier 024 Co.,Person 024,person024@supplier024.example.com,+1-555-0024,"124 Test St, City024, State024, 10024"
Supplier 025 Co.,Person 025,person025@supplier025.example.com,+1-555-0025,"125 Test St, City025, State025, 10025"
Supplier 026 Co.,Person 026,person026@supplier026.example.com,+1-555-0026,"126 Test St, City026, State026, 10026"
Supplier 027 Co.,Person 027,person027@supplier027.example.com,+1-555-0027,"127 Test St, City027, State027, 10027"
Supplier 028 Co.,Person 028,person028@supplier028.example.com,+1-555-0028,"128 Test St, City028, State028, 10028"
Supplier 029 Co.,Person 029,person029@supplier029.example.com,+1-555-0029,"129 Test St, City029, State029, 10029"
Supplier 030 Co.,Person 030,person030@supplier030.example.com,+1-555-0030,"130 Test St, City030, State030, 10030"
Supplier 031 Co.,Person 031,person031@supplier031.example.com,+1-555-0031,"131 Test St, City031, State031, 10031"
Supplier 032 Co.,Person 032,person032@supplier032.example.com,+1-555-0032,"132 Test St, City032, State032, 10032"
Supplier 033 Co.,Person 033,person033@supplier033.example.com,+1-555-0033,"133 Test St, City033, State033, 10033"
Supplier 034 Co.,Person 034,person034@supplier034.example.com,+1-555-0034,"134 Test St, City034, State034, 10034"
Supplier 035 Co.,Person 035,person035@supplier035.example.com,+1-555-0035,"135 Test St, City035, State035, 10035"
Supplier 036 Co.,Person 036,person036@supplier036.example.com,+1-555-0036,"136 Test St, City036, State036, 10036"
Supplier 037 Co.,Person 037,person037@supplier037.example.com,+1-555-0037,"137 Test St, City037, State037, 10037"
Supplier 038 Co.,Person 038,person038@supplier038.example.com,+1-555-0038,"138 Test St, City038, State038, 10038"
Supplier 039 Co.,Person 039,person039@supplier039.example.com,+1-555-0039,"139 Test St, City039, State039, 10039"
Supplier 040 Co.,Person 040,person040@supplier040.example.com,+1-555-0040,"140 Test St, City040, State040, 10040"
Supplier 041 Co.,Person 041,person041@supplier041.example.com,+1-555-0041,"141 Test St, City041, State041, 10041"
Supplier 042 Co.,Person 042,person042@supplier042.example.com,+1-555-0042,"142 Test St, City042, State042, 10042"
Supplier 043 Co.,Person 043,person043@supplier043.example.com,+1-555-0043,"143 Test St, City043, State043, 10043"
Supplier 044 Co.,Person 044,person044@supplier044.example.com,+1-555-0044,"144 Test St, City044, State044, 10044"
Supplier 045 Co.,Person 045,person045@supplier045.example.com,+1-555-0045,"145 Test St, City045, State045, 10045"
Supplier 046 Co.,Person 046,person046@supplier046.example.com,+1-555-0046,"146 Test St, City046, State046, 10046"
Supplier 047 Co.,Person 047,person047@supplier047.example.com,+1-555-0047,"147 Test St, City047, State047, 10047"
Supplier 048 Co.,Person 048,person048@supplier048.example.com,+1-555-0048,"148 Test St, City048, State048, 10048"
Supplier 049 Co.,Person 049,person049@supplier049.example.com,+1-555-0049,"149 Test St, City049, State049, 10049"
Supplier 050 Co.,Person 050,person050@supplier050.example.com,+1-555-0050,"150 Test St, City050, State050, 10050"
Supplier 051 Co.,Person 051,person051@supplier051.example.com,+1-555-0051,"151 Test St, City051, State051, 10051"
Supplier 052 Co.,Person 052,person052@supplier052.example.com,+1-555-0052,"152 Test St, City052, State052, 10052"
Supplier 053 Co.,Person 053,person053@supplier053.example.com,+1-555-0053,"153 Test St, City053, State053, 10053"
Supplier 054 Co.,Person 054,person054@supplier054.example.com,+1-555-0054,"154 Test St, City054, State054, 10054"
Supplier 055 Co.,Person 055,person055@supplier055.example.com,+1-555-0055,"155 Test St, City055, State055, 10055"
Supplier 056 Co.,Person 056,person056@supplier056.example.com,+1-555-0056,"156 Test St, City056, State056, 10056"
Supplier 057 Co.,Person 057,person057@supplier057.example.com,+1-555-0057,"157 Test St, City057, State057, 10057"
Supplier 058 Co.,Person 058,person058@supplier058.example.com,+1-555-0058,"158 Test St, City058, State058, 10058"
Supplier 059 Co.,Person 059,person059@supplier059.example.com,+1-555-0059,"159 Test St, City059, State059, 10059"
Supplier 060 Co.,Person 060,person060@supplier060.example.com,+1-555-0060,"160 Test St, City060, State060, 10060"
Supplier 061 Co.,Person 061,person061@supplier061.example.com,+1-555-0061,"161 Test St, City061, State061, 10061"
Supplier 062 Co.,Person 062,person062@supplier062.example.com,+1-555-0062,"162 Test St, City062, State062, 10062"
Supplier 063 Co.,Person 063,person063@supplier063.example.com,+1-555-0063,"163 Test St, City063, State063, 10063"
Supplier 064 Co.,Person 064,person064@supplier064.example.com,+1-555-0064,"164 Test St, City064, State064, 10064"
Supplier 065 Co.,Person 065,person065@supplier065.example.com,+1-555-0065,"165 Test St, City065, State065, 10065"
Supplier 066 Co.,Person 066,person066@supplier066.example.com,+1-555-0066,"166 Test St, City066, State066, 10066"
Supplier 067 Co.,Person 067,person067@supplier067.example.com,+1-555-0067,"167 Test St, City067, State067, 10067"
Supplier 068 Co.,Person 068,person068@supplier068.example.com,+1-555-0068,"168 Test St, City068, State068, 10068"
Supplier 069 Co.,Person 069,person069@supplier069.example.com,+1-555-0069,"169 Test St, City069, State069, 10069"
Supplier 070 Co.,Person 070,person070@supplier070.example.com,+1-555-0070,"170 Test St, City070, State070, 10070"
Supplier 071 Co.,Person 071,person071@supplier071.example.com,+1-555-0071,"171 Test St, City071, State071, 10071"
Supplier 072 Co.,Person 072,person072@supplier072.example.com,+1-555-0072,"172 Test St, City072, State072, 10072"
Supplier 073 Co.,Person 073,person073@supplier073.example.com,+1-555-0073,"173 Test St, City073, State073, 10073"
Supplier 074 Co.,Person 074,person074@supplier074.example.com,+1-555-0074,"174 Test St, City074, State074, 10074"
Supplier 075 Co.,Person 075,person075@supplier075.example.com,+1-555-0075,"175 Test St, City075, State075, 10075"
Supplier 076 Co.,Person 076,person076@supplier076.example.com,+1-555-0076,"176 Test St, City076, State076, 10076"
Supplier 077 Co.,Person 077,person077@supplier077.example.com,+1-555-0077,"177 Test St, City077, State077, 10077"
Supplier 078 Co.,Person 078,person078@supplier078.example.com,+1-555-0078,"178 Test St, City078, State078, 10078"
Supplier 079 Co.,Person 079,person079@supplier079.example.com,+1-555-0079,"179 Test St, City079, State079, 10079"
Supplier 080 Co.,Person 080,person080@supplier080.example.com,+1-555-0080,"180 Test St, City080, State080, 10080"
Supplier 081 Co.,Person 081,person081@supplier081.example.com,+1-555-0081,"181 Test St, City081, State081, 10081"
Supplier 082 Co.,Person 082,person082@supplier082.example.com,+1-555-0082,"182 Test St, City082, State082, 10082"
Supplier 083 Co.,Person 083,person083@supplier083.example.com,+1-555-0083,"183 Test St, City083, State083, 10083"
Supplier 084 Co.,Person 084,person084@supplier084.example.com,+1-555-0084,"184 Test St, City084, State084, 10084"
Supplier 085 Co.,Person 085,person085@supplier085.example.com,+1-555-0085,"185 Test St, City085, State085, 10085"
Supplier 086 Co.,Person 086,person086@supplier086.example.com,+1-555-0086,"186 Test St, City086, State086, 10086"
Supplier 087 Co.,Person 087,person087@supplier087.example.com,+1-555-0087,"187 Test St, City087, State087, 10087"
Supplier 088 Co.,Person 088,person088@supplier088.example.com,+1-555-0088,"188 Test St, City088, State088, 10088"
Supplier 089 Co.,Person 089,person089@supplier089.example.com,+1-555-0089,"189 Test St, City089, State089, 10089"
Supplier 090 Co.,Person 090,person090@supplier090.example.com,+1-555-0090,"190 Test St, City090, State090, 10090"
Supplier 091 Co.,Person 091,person091@supplier091.example.com,+1-555-0091,"191 Test St, City091, State091, 10091"
Supplier 092 Co.,Person 092,person092@supplier092.example.com,+1-555-0092,"192 Test St, City092, State092, 10092"
Supplier 093 Co.,Person 093,person093@supplier093.example.com,+1-555-0093,"193 Test St, City093, State093, 10093"
Supplier 094 Co.,Person 094,person094@supplier094.example.com,+1-555-0094,"194 Test St, City094, State094, 10094"
Supplier 095 Co.,Person 095,person095@supplier095.example.com,+1-555-0095,"195 Test St, City095, State095, 10095"
Supplier 096 Co.,Person 096,person096@supplier096.example.com,+1-555-0096,"196 Test St, City096, State096, 10096"
Supplier 097 Co.,Person 097,person097@supplier097.example.com,+1-555-0097,"197 Test St, City097, State097, 10097"
Supplier 098 Co.,Person 098,person098@supplier098.example.com,+1-555-0098,"198 Test St, City098, State098, 10098"
Supplier 099 Co.,Person 099,person099@supplier099.example.com,+1-555-0099,"199 Test St, City099, State099, 10099"
Supplier 100 Co.,Person 100,person100@supplier100.example.com,+1-555-0100,"200 Test St, City100, State100, 10100"